code,code_name,buy_date,sell_date,purchase_price,sell_price,sell_rate,holding_amount,holding_days,composite_score,score_a,score_b,score_c,score_d,score_e,score_f,score_penalty
047920,HLB제약,202411180900,20241119,17500,23300,32.78,57,1,116,35.0,25.0,25.0,25.0,0.0,6.01,0.0
032800,판타지오,202403080900,20240311,900,1135,25.76,1111,3,145,75.0,15.0,25.0,25.0,0.0,5.43,0.0
043100,알파AI,202510150900,20251016,1373,1670,21.29,728,1,126,35.0,43.0,25.0,25.0,4.0,4.95,-10.0
035080,그래디언트,202310240900,20231025,10580,12390,16.78,94,1,138,68.0,0.0,25.0,25.0,0.0,20.0,0.0
205500,넥써쓰,202308100900,20230811,1728,1985,14.55,578,1,116,50.0,27.47,25.0,0.0,4.0,10.0,0.0
025900,동화기업,202601220900,20260123,8080,9280,14.53,123,1,115,50.0,33.0,0.0,25.0,2.0,5.66,0.0
299900,위지윅스튜디오,202404110900,20240412,2255,2580,14.09,443,1,149,53.0,25.0,25.0,25.0,4.0,17.0,0.0
261780,차백신연구소,202501060900,20250107,2960,3320,11.85,337,1,140,80.0,0.0,25.0,25.0,0.0,10.0,0.0
461030,아이엠비디엑스,202407120900,20240715,8950,9930,10.64,111,3,120,35.0,35.0,25.0,25.0,0.0,0.0,0.0
063170,서울옥션,202409020900,20240903,6580,7290,10.48,151,1,117,33.0,24.97,25.0,25.0,0.0,10.0,0.0
009730,이렘,202602040900,20260205,593,651,9.47,1686,1,142,80.0,25.0,0.0,25.0,2.0,10.0,0.0
011000,진원생명과학,202604140900,20260415,717,786,9.32,1394,1,151,68.0,50.0,13.0,25.0,0.0,5.84,-10.0
305090,마이크로디지탈,202604010900,20260402,5810,6350,8.99,172,1,125,35.0,50.0,5.0,25.0,0.0,10.0,0.0
039830,오로라,202601050900,20260106,14200,15440,8.43,70,1,143,25.0,50.0,25.0,25.0,4.0,14.0,0.0
445090,에이직랜드,202409090900,20240910,24850,27000,8.35,40,1,157,53.0,60.0,5.0,25.0,0.0,14.0,0.0
351320,넥사다이내믹스,202308090900,20230810,2895,3145,8.33,345,1,118,50.0,0.0,25.0,25.0,4.0,14.0,0.0
011330,유니켐,202604130900,20260414,650,705,8.16,1538,1,187,75.0,60.0,13.0,25.0,4.0,10.0,0.0
320000,한울반도체,202308170900,20230818,2400,2600,8.03,416,1,136,75.0,0.0,25.0,25.0,4.0,7.49,0.0
054780,키이스트,202601120900,20260113,3130,3390,8.0,319,1,115,35.0,25.0,20.0,25.0,0.0,10.0,0.0
160550,NEW,202511200900,20251121,2005,2170,7.93,498,1,119,35.0,25.0,20.0,25.0,4.0,10.0,0.0
406820,뷰티스킨,202603240900,20260325,1908,2065,7.93,524,1,128,43.0,40.0,20.0,25.0,0.0,0.0,0.0
052400,코나아이,202407120900,20240715,14620,15800,7.77,68,3,117,63.0,0.0,25.0,25.0,4.0,10.28,-10.0
009730,이렘,202602120900,20260213,624,674,7.71,1602,1,135,80.0,8.0,10.0,25.0,2.0,10.0,0.0
376930,노을,202402060900,20240207,2889,3106,7.21,346,1,148,63.0,25.0,25.0,25.0,0.0,10.0,0.0
204840,지엘팜텍,202509230900,20250924,1083,1164,7.18,923,1,125,40.0,25.0,25.0,25.0,0.0,10.0,0.0
038540,상상인,202409230900,20240924,1710,1836,7.07,584,1,128,80.0,0.0,5.0,25.0,4.0,14.0,0.0
052710,아모텍,202511190900,20251120,8980,9620,6.83,111,1,123,25.0,43.0,20.0,25.0,0.0,10.0,0.0
376930,노을,202404290900,20240430,1963,2097,6.53,509,1,127,43.0,25.0,25.0,25.0,0.0,9.38,0.0
253590,네오셈,202409120900,20240913,8560,9140,6.48,116,1,148,35.0,46.38,25.0,25.0,0.0,17.0,0.0
009620,삼보산업,202411140900,20241115,1381,1469,6.08,724,1,165,80.0,25.0,25.0,25.0,0.0,10.0,0.0
092040,아미코젠,202310200900,20231023,5562,5916,6.07,179,3,118,55.0,15.0,13.0,25.0,0.0,10.0,0.0
301300,바이브컴퍼니,202411180900,20241119,3250,3450,5.86,307,1,117,35.0,35.0,23.0,0.0,4.0,20.0,0.0
299900,위지윅스튜디오,202407040900,20240705,1662,1763,5.78,601,1,137,63.0,8.0,20.0,25.0,4.0,17.0,0.0
053350,이니텍,202601130900,20260114,4455,4720,5.65,224,1,127,55.0,25.0,20.0,25.0,0.0,12.0,-10.0
025770,한국정보통신,202305170900,20230518,9980,10570,5.62,100,1,116,40.0,25.0,5.0,25.0,4.0,17.0,0.0
950210,프레스티지바이오파마,202604160900,20260417,9200,9740,5.57,108,1,148,53.0,40.0,15.0,25.0,0.0,15.81,0.0
083640,인콘,202303240900,20230327,889,941,5.55,1124,3,127,68.0,0.0,20.0,25.0,4.0,10.0,0.0
462980,아이지넷,202511260900,20251127,1771,1872,5.41,564,1,147,40.0,43.0,25.0,25.0,4.0,10.0,0.0
419080,엔젯,202603250900,20260326,5070,5350,5.23,197,1,115,35.0,40.0,5.0,25.0,0.0,10.0,0.0
206560,덱스터,202604140900,20260415,2650,2795,5.18,377,1,118,53.0,50.0,5.0,0.0,0.0,10.0,0.0
048530,인트론바이오,202504010900,20250402,3365,3545,5.06,297,1,115,40.0,60.0,5.0,0.0,0.0,10.0,0.0
352700,씨앤투스,202403070900,20240308,2730,2875,5.02,366,1,118,40.0,15.0,23.0,25.0,4.0,11.85,0.0
900340,윙입푸드,202506190900,20250620,1202,1265,4.95,831,1,140,75.0,25.0,5.0,25.0,0.0,10.0,0.0
088290,이원컴포텍,202512240900,20251226,756,794,4.73,1322,2,125,35.0,60.0,20.0,0.0,0.0,10.0,0.0
110020,전진바이오팜,202601160900,20260119,2205,2315,4.7,453,3,115,35.0,35.0,25.0,0.0,0.0,20.0,0.0
340450,지씨지놈,202511100900,20251111,6630,6960,4.68,150,1,115,40.0,60.0,5.0,0.0,0.0,10.0,0.0
063170,서울옥션,202311010900,20231102,8930,9370,4.63,111,1,119,40.0,15.0,25.0,25.0,0.0,14.0,0.0
054780,키이스트,202603130900,20260316,2355,2470,4.59,424,3,135,40.0,35.0,25.0,25.0,0.0,10.0,0.0
139670,키네마스터,202603240900,20260325,1846,1936,4.58,541,1,135,40.0,25.0,25.0,25.0,0.0,20.0,0.0
363250,진시스템,202312080900,20231211,9000,9430,4.49,111,3,119,55.0,15.0,20.0,25.0,0.0,4.78,0.0
352820,하이브,202604240900,20260427,244500,256000,4.41,4,3,115,35.0,40.0,5.0,25.0,0.0,10.0,0.0
000040,KR모터스,202407040900,20240705,641,671,4.39,1560,1,169,80.0,25.0,25.0,25.0,4.0,10.0,0.0
054780,키이스트,202601260900,20260127,2920,3050,4.16,342,1,145,35.0,50.0,25.0,25.0,0.0,10.0,0.0
251970,펌텍코리아,202603230900,20260324,45100,47100,4.14,22,1,118,35.0,25.0,20.0,25.0,0.0,13.67,0.0
267320,나인테크,202601190900,20260120,2830,2955,4.13,353,1,123,43.0,33.0,8.0,25.0,4.0,10.0,0.0
114840,아이패밀리에스씨,202511140900,20251117,15300,15970,4.09,65,3,120,50.0,25.0,25.0,0.0,0.0,20.0,0.0
072470,우리산업홀딩스,202310270900,20231030,3230,3370,4.04,309,3,131,50.0,35.0,5.0,25.0,4.0,12.0,0.0
005160,동국산업,202601220900,20260123,2590,2700,3.96,386,1,130,68.0,25.0,0.0,25.0,0.0,12.0,0.0
083790,CG인바이츠,202601260900,20260127,1247,1300,3.96,801,1,118,15.0,35.0,30.0,25.0,4.0,9.67,0.0
310870,디와이씨,202407190900,20240722,1243,1295,3.89,804,3,134,40.0,35.0,20.0,25.0,4.0,10.82,0.0
348030,모비릭스,202409090900,20240910,4230,4405,3.85,236,1,135,55.0,25.0,20.0,25.0,0.0,10.0,0.0
099440,스맥,202604220900,20260423,4350,4525,3.73,229,1,127,30.0,40.0,20.0,25.0,2.0,10.0,0.0
217330,싸이토젠,202604150900,20260416,4000,4160,3.71,250,1,115,25.0,40.0,13.0,25.0,2.0,10.0,0.0
044780,에이치케이,202404090900,20240411,1525,1584,3.58,655,2,138,80.0,25.0,25.0,0.0,4.0,4.0,0.0
224060,더코디,202504010900,20250402,2995,3110,3.55,333,1,132,63.0,25.0,5.0,25.0,4.0,10.0,0.0
334970,프레스티지바이오로직스,202511040900,20251105,3000,3115,3.54,333,1,132,25.0,48.67,20.0,25.0,4.0,10.0,0.0
495900,에이엠시지,202507180900,20250721,10000,10380,3.51,100,3,125,40.0,35.0,25.0,25.0,0.0,10.0,-10.0
058470,리노공업,202304070900,20230410,26827,27828,3.44,37,3,119,63.0,15.0,5.0,25.0,0.0,11.75,0.0
008490,서흥,202604150900,20260416,18050,18720,3.42,55,1,130,50.0,40.0,5.0,25.0,0.0,10.0,0.0
351320,넥사다이내믹스,202310300900,20231031,2275,2355,3.23,439,1,117,75.0,15.0,13.0,0.0,0.0,14.0,0.0
226340,본느,202601260900,20260127,576,596,3.18,1736,1,125,50.0,35.0,30.0,0.0,0.0,10.0,0.0
445090,에이직랜드,202408300900,20240902,29150,30150,3.14,34,3,135,75.0,8.0,13.0,25.0,0.0,14.0,0.0
032800,판타지오,202412110900,20241212,560,579,3.1,1785,1,120,55.0,25.0,5.0,25.0,0.0,10.0,0.0
018000,유니슨,202602110900,20260212,1004,1038,3.1,996,1,120,25.0,40.0,20.0,25.0,2.0,8.11,0.0
063170,서울옥션,202405210900,20240522,8550,8830,2.99,116,1,139,50.0,25.0,25.0,25.0,4.0,10.0,0.0
347770,핌스,202601260900,20260127,1058,1092,2.93,945,1,160,65.0,30.71,30.0,25.0,0.0,10.0,0.0
206560,덱스터,202604160900,20260417,2800,2890,2.93,357,1,150,53.0,47.07,15.0,25.0,0.0,10.0,0.0
109740,디에스케이,202604150900,20260416,5070,5230,2.87,197,1,116,33.0,43.0,5.0,25.0,0.0,10.0,0.0
227610,아우딘퓨쳐스,202510240900,20251027,767,791,2.84,1303,3,115,40.0,35.0,5.0,25.0,0.0,10.0,0.0
900340,윙입푸드,202604010900,20260402,613,632,2.81,1631,1,138,75.0,23.06,5.0,25.0,0.0,10.0,0.0
439580,블루엠텍,202604010900,20260402,3400,3505,2.8,294,1,155,75.0,32.51,13.0,25.0,0.0,10.0,0.0
099220,SDN,202310300900,20231031,1111,1145,2.77,900,1,123,75.0,8.0,5.0,25.0,0.0,10.0,0.0
156100,엘앤케이바이오,202604170900,20260420,7630,7860,2.73,131,3,134,40.0,50.0,5.0,25.0,4.0,10.0,0.0
200350,아티스트스튜디오,202601020900,20260105,5720,5890,2.68,174,3,145,35.0,50.0,25.0,25.0,0.0,10.0,0.0
241840,에이스토리,202604080900,20260409,5050,5200,2.68,198,1,118,53.0,50.0,5.0,0.0,0.0,10.0,0.0
253450,스튜디오드래곤,202604130900,20260414,33800,34800,2.67,29,1,122,35.0,50.0,5.0,25.0,0.0,7.53,0.0
024060,흥구석유,202412300900,20250102,12290,12650,2.64,81,3,128,63.0,15.0,13.0,25.0,0.0,12.0,0.0
025770,한국정보통신,202305120900,20230515,10290,10590,2.63,97,3,122,35.0,25.0,20.0,25.0,0.0,17.0,0.0
025950,동신건설,202509290900,20250930,15720,16170,2.58,63,1,117,68.0,50.0,5.0,0.0,0.0,4.0,-10.0
403850,더핑크퐁컴퍼니,202604010900,20260402,16100,16560,2.57,62,1,144,63.0,50.0,5.0,25.0,0.0,1.93,0.0
089980,상아프론테크,202311010900,20231102,17770,18270,2.53,56,1,149,80.0,25.0,5.0,25.0,0.0,14.0,0.0
099440,스맥,202604240900,20260427,4340,4460,2.48,230,3,120,30.0,50.0,5.0,25.0,0.0,10.0,0.0
131760,파인텍,202307200900,20230721,1051,1080,2.47,951,1,146,75.0,15.0,13.0,25.0,0.0,18.63,0.0
063170,서울옥션,202306020900,20230605,12780,13120,2.37,78,3,126,63.0,15.0,5.0,25.0,4.0,14.0,0.0
276040,스코넥,202407260900,20240729,3211,3295,2.33,311,3,129,68.0,25.0,5.0,25.0,0.0,6.6,0.0
052300,오션인더블유,202511250900,20251126,2135,2190,2.29,468,1,163,63.0,50.0,5.0,25.0,0.0,20.0,0.0
348950,제이알글로벌리츠,202604210900,20260422,1216,1247,2.26,822,1,120,80.0,33.17,5.0,0.0,0.0,12.0,-10.0
000040,KR모터스,202402020900,20240205,929,952,2.19,1076,3,118,63.0,15.0,5.0,25.0,0.0,10.0,0.0
032800,판타지오,202412130900,20241216,570,584,2.17,1754,3,124,55.0,25.0,5.0,25.0,4.0,10.0,0.0
083640,인콘,202307100900,20230711,694,711,2.16,1440,1,121,53.0,0.0,25.0,25.0,4.0,14.0,0.0
148250,알엔투테크놀로지,202601260900,20260127,3120,3195,2.12,320,1,182,80.0,40.0,30.0,25.0,0.0,7.7,0.0
011090,에넥스,202603270900,20260330,416,426,2.12,2403,3,117,55.0,25.0,20.0,0.0,0.0,17.0,0.0
122990,와이솔,202409120900,20240913,6260,6410,2.11,159,1,132,55.0,25.0,15.0,25.0,0.0,12.09,0.0
352910,오비고,202603240900,20260325,4200,4300,2.09,238,1,141,68.0,33.0,5.0,25.0,0.0,10.0,0.0
000650,천일고속,202604080900,20260409,210000,215000,2.09,4,1,151,43.0,60.0,13.0,25.0,0.0,10.0,0.0
122990,와이솔,202408300900,20240902,6370,6520,2.07,156,3,136,80.0,15.0,5.0,25.0,0.0,11.24,0.0
432430,와이랩,202604080900,20260409,3050,3120,2.01,327,1,125,55.0,60.0,0.0,0.0,0.0,10.0,0.0
312610,에이에프더블류,202603270900,20260330,968,990,1.99,1033,3,140,55.0,33.0,13.0,25.0,4.0,10.0,0.0
179530,애드바이오텍,202601130900,20260114,1907,1950,1.97,524,1,122,55.0,25.0,5.0,25.0,2.0,10.0,0.0
052710,아모텍,202306130900,20230614,12210,12480,1.93,81,1,118,55.0,8.0,20.0,25.0,0.0,10.0,0.0
276040,스코넥,202308290900,20230830,7226,7386,1.93,138,1,128,65.0,15.0,13.0,25.0,0.0,10.0,0.0
460870,에스엠씨지,202512100900,20251211,3890,3975,1.9,257,1,150,50.0,60.0,5.0,25.0,0.0,10.0,0.0
072470,우리산업홀딩스,202311010900,20231102,3210,3280,1.89,311,1,132,63.0,27.22,5.0,25.0,0.0,12.0,0.0
002920,유성기업,202604130900,20260414,1801,1840,1.88,555,1,115,25.0,60.0,25.0,0.0,4.0,1.02,0.0
099220,SDN,202311010900,20231102,1118,1142,1.86,894,1,130,75.0,15.0,5.0,25.0,0.0,10.0,0.0
039830,오로라,202601230900,20260126,14440,14750,1.86,69,3,122,40.0,33.0,10.0,25.0,0.0,14.0,0.0
299900,위지윅스튜디오,202307120900,20230713,3040,3105,1.85,328,1,119,50.0,25.0,5.0,25.0,0.0,14.0,0.0
131400,이브이첨단소재,202301110900,20230112,1461,1492,1.84,684,1,120,25.0,57.38,5.0,25.0,0.0,8.02,0.0
227950,엔투텍,202512290900,20251230,329,336,1.84,3039,1,119,15.0,40.0,25.0,25.0,4.0,10.0,0.0
088290,이원컴포텍,202401260900,20240129,1563,1596,1.83,639,3,129,68.0,15.0,13.0,25.0,0.0,8.96,0.0
276040,스코넥,202407310900,20240801,3326,3396,1.82,300,1,116,68.0,15.0,0.0,25.0,2.0,6.81,0.0
216080,제테마,202604240900,20260427,7130,7280,1.82,140,3,118,15.0,60.0,5.0,25.0,4.0,9.26,0.0
160550,NEW,202403060900,20240307,3650,3725,1.77,273,1,118,53.0,25.0,5.0,25.0,0.0,10.0,0.0
069460,대호에이엘,202603130900,20260316,544,555,1.74,1838,3,115,40.0,25.0,20.0,25.0,0.0,5.02,0.0
047560,이스트소프트,202512290900,20251230,16410,16740,1.73,60,1,118,53.0,50.0,5.0,0.0,0.0,10.51,0.0
043340,에쎈테크,202511200900,20251121,415,423,1.64,2409,1,125,75.0,8.0,13.0,25.0,0.0,4.79,0.0
039310,세중,202310300900,20231031,1960,1997,1.6,510,1,124,80.0,0.0,5.0,25.0,4.0,10.46,0.0
305090,마이크로디지탈,202603250900,20260326,6500,6620,1.56,153,1,118,43.0,25.0,13.0,25.0,0.0,12.0,0.0
089980,상아프론테크,202310230900,20231024,18500,18840,1.55,54,1,124,80.0,0.0,5.0,25.0,0.0,14.0,0.0
352940,인바이오,202409100900,20240911,2220,2260,1.52,450,1,125,65.0,50.0,5.0,0.0,0.0,5.83,0.0
099220,SDN,202308090900,20230810,1504,1531,1.51,664,1,120,80.0,0.0,5.0,25.0,0.0,10.0,0.0
419540,비스토스,202601120900,20260113,1060,1079,1.51,943,1,144,40.0,60.0,5.0,25.0,0.0,14.0,0.0
086900,메디톡스,202412050900,20241206,124000,126200,1.49,8,1,119,75.0,0.0,5.0,25.0,0.0,14.0,0.0
035080,그래디언트,202512190900,20251222,11500,11700,1.45,86,3,132,25.0,60.0,5.0,25.0,0.0,17.0,0.0
025870,신라에스지,202603250900,20260326,4375,4450,1.43,228,1,125,55.0,25.0,13.0,25.0,0.0,7.98,0.0
373160,데이원컴퍼니,202602020900,20260203,4395,4470,1.42,227,1,115,50.0,25.0,5.0,25.0,0.0,10.0,0.0
049720,고려신용정보,202602030900,20260204,9890,10050,1.33,101,1,116,63.0,16.96,0.0,25.0,2.0,10.0,0.0
086900,메디톡스,202509050900,20250908,120300,122200,1.3,8,3,134,50.0,33.0,13.0,25.0,0.0,13.0,0.0
016670,디모아,202601020900,20260105,4425,4495,1.3,225,3,123,25.0,50.0,5.0,25.0,4.0,14.0,0.0
010640,진양폴리,202604080900,20260409,2205,2240,1.3,453,1,118,53.0,50.0,5.0,0.0,0.0,10.0,0.0
021880,메이슨캐피탈,202604170900,20260420,196,199,1.25,5102,3,152,63.0,50.0,5.0,25.0,0.0,9.26,0.0
900340,윙입푸드,202310230900,20231024,790,802,1.24,1265,1,115,25.0,60.0,20.0,0.0,0.0,10.0,0.0
363250,진시스템,202507290900,20250730,5910,6000,1.24,169,1,123,68.0,15.0,5.0,25.0,0.0,10.0,0.0
321260,프로이천,202512260900,20251229,1709,1735,1.24,585,3,144,25.0,60.0,13.0,25.0,4.0,17.0,0.0
039310,세중,202311020900,20231103,1951,1980,1.2,512,1,140,80.0,15.0,5.0,25.0,4.0,11.04,0.0
160550,NEW,202511130900,20251114,2020,2050,1.2,495,1,118,35.0,43.0,5.0,25.0,0.0,10.0,0.0
205500,넥써쓰,202511200900,20251121,2125,2155,1.13,470,1,141,68.0,25.0,13.0,25.0,0.0,10.0,0.0
351320,넥사다이내믹스,202406120900,20240613,1754,1778,1.08,570,1,128,63.0,25.0,5.0,25.0,0.0,10.0,0.0
067990,도이치모터스,202308280900,20230829,4800,4865,1.07,208,1,137,55.0,25.0,25.0,25.0,0.0,7.7,0.0
388610,지에프씨생명과학,202603240900,20260325,9750,9880,1.05,102,1,145,80.0,25.0,5.0,25.0,0.0,10.0,0.0
086900,메디톡스,202404150900,20240416,135700,137500,1.04,7,1,137,68.0,25.0,5.0,25.0,0.0,14.0,0.0
205500,넥써쓰,202511120900,20251113,2310,2340,1.02,432,1,123,68.0,15.0,5.0,25.0,0.0,10.0,0.0
334970,프레스티지바이오로직스,202604150900,20260416,2300,2330,1.02,434,1,117,23.0,40.0,5.0,25.0,4.0,20.0,0.0
047560,이스트소프트,202512180900,20251219,16650,16860,0.98,60,1,117,50.0,50.0,5.0,0.0,0.0,12.04,0.0
006140,피제이전자,202603240900,20260325,6570,6650,0.93,152,1,125,40.0,33.0,13.0,25.0,0.0,14.0,0.0
109820,진매트릭스,202604080900,20260409,1908,1931,0.92,524,1,137,63.0,40.0,5.0,25.0,0.0,4.85,0.0
458610,한국제12호스팩,202412100900,20241211,2090,2115,0.91,478,1,152,80.0,25.0,20.0,25.0,0.0,2.0,0.0
289010,아이스크림에듀,202601260900,20260127,1611,1630,0.9,620,1,130,80.0,25.0,25.0,0.0,0.0,0.58,0.0
170790,파이오링크,202312060900,20231207,10240,10360,0.89,97,1,128,63.0,15.0,5.0,25.0,0.0,20.0,0.0
351870,차이커뮤니케이션,202604010900,20260402,3890,3935,0.87,257,1,130,40.0,50.0,5.0,25.0,0.0,10.0,0.0
012700,리드코프,202601270900,20260128,3585,3625,0.83,278,1,116,63.0,0.0,25.0,25.0,0.0,3.59,0.0
253840,수젠텍,202604080900,20260409,4515,4565,0.82,221,1,140,40.0,60.0,5.0,25.0,0.0,10.0,0.0
123420,위메이드플레이,202603240900,20260325,6610,6680,0.78,151,1,135,63.0,25.0,5.0,25.0,0.0,17.0,0.0
047560,이스트소프트,202407110900,20240712,17650,17830,0.74,56,1,122,25.0,42.45,20.0,25.0,0.0,10.0,0.0
495900,에이엠시지,202508060900,20250807,10000,10100,0.72,100,1,163,80.0,35.0,23.0,25.0,0.0,10.0,-10.0
462980,아이지넷,202508220900,20250825,2505,2530,0.72,399,3,120,80.0,0.0,5.0,25.0,0.0,10.0,0.0
462980,아이지넷,202504030900,20250404,3040,3070,0.7,328,1,118,63.0,25.0,5.0,25.0,0.0,0.0,0.0
160550,NEW,202511170900,20251118,2040,2060,0.7,490,1,149,35.0,50.0,25.0,25.0,4.0,10.0,0.0
007370,진양제약,202603240900,20260325,4560,4605,0.7,219,1,145,63.0,25.0,20.0,25.0,0.0,12.45,0.0
037270,YG PLUS,202604150900,20260416,5140,5190,0.69,194,1,118,35.0,50.0,15.0,25.0,0.0,8.66,-15.0
032800,판타지오,202303280900,20230329,1667,1683,0.68,599,1,119,80.0,0.0,5.0,25.0,0.0,9.0,0.0
003030,세아제강지주,202510290900,20251030,146700,148100,0.67,6,1,120,68.0,0.0,13.0,25.0,0.0,14.0,0.0
088390,이녹스,202409120900,20240913,11620,11730,0.66,86,1,150,65.0,25.0,25.0,25.0,0.0,10.0,0.0
362990,드림인사이트,202603240900,20260325,1492,1506,0.66,670,1,151,68.0,33.0,13.0,25.0,0.0,12.16,0.0
474930,신한제13호스팩,202604200900,20260423,2120,2140,0.66,471,3,129,43.0,59.34,0.0,25.0,0.0,2.16,0.0
065770,CS,202601020900,20260105,776,783,0.62,1288,3,127,55.0,50.0,5.0,0.0,4.0,13.83,0.0
014130,한익스프레스,202601260900,20260127,2780,2805,0.62,359,1,154,80.0,25.0,13.0,25.0,0.0,11.68,0.0
042110,에스씨디,202601220900,20260123,1239,1250,0.61,807,1,124,75.0,40.0,5.0,0.0,0.0,4.0,0.0
462980,아이지넷,202509050900,20250908,2400,2420,0.55,416,3,130,65.0,25.0,5.0,25.0,0.0,10.0,0.0
397810,애드포러스,202603240900,20260325,6070,6120,0.54,164,1,122,53.0,25.0,5.0,25.0,4.0,10.0,0.0
032800,판타지오,202502140900,20250217,503,507,0.51,1988,3,120,40.0,25.0,20.0,25.0,0.0,10.0,0.0
045510,정원엔시스,202601060900,20260107,881,888,0.51,1135,1,136,35.0,60.0,5.0,25.0,0.0,11.96,0.0
040420,정상제이엘에스,202407250900,20240726,6500,6550,0.49,153,1,115,50.0,25.0,5.0,25.0,0.0,10.0,0.0
192250,케이사인,202407290900,20240730,10520,10600,0.48,95,1,159,80.0,25.0,15.0,25.0,0.0,14.0,0.0
084180,수성웹툰,202603100900,20260311,1603,1615,0.47,623,1,116,40.0,40.0,0.0,25.0,2.0,9.77,0.0
276040,스코넥,202308250900,20230828,7218,7271,0.45,138,3,120,65.0,15.0,5.0,25.0,0.0,10.0,0.0
072990,에이치시티,202601190900,20260120,5460,5500,0.45,183,1,123,23.0,50.0,15.0,25.0,4.0,6.58,0.0
067990,도이치모터스,202308100900,20230811,4900,4935,0.43,204,1,131,80.0,0.0,13.0,25.0,4.0,9.04,0.0
032800,판타지오,202308210900,20230822,1262,1271,0.43,792,1,137,80.0,15.0,5.0,25.0,2.0,10.0,0.0
348080,큐라티스,202604290900,20260430,843,849,0.43,1186,1,119,25.0,60.0,5.0,25.0,4.0,10.0,-10.0
046310,백금T&A,202603300900,20260331,2915,2935,0.4,343,1,139,35.0,34.66,25.0,25.0,0.0,20.0,0.0
053980,오상자이엘,202601270900,20260128,3295,3315,0.33,303,1,127,63.0,21.7,8.0,25.0,0.0,10.0,0.0
337930,젝시믹스,202604080900,20260409,4055,4080,0.33,246,1,125,25.0,60.0,13.0,25.0,0.0,10.0,-8.0
086900,메디톡스,202404110900,20240412,133800,134600,0.32,7,1,137,68.0,25.0,5.0,25.0,0.0,14.0,0.0
032800,판타지오,202502180900,20250219,499,502,0.32,2004,1,128,55.0,33.0,5.0,25.0,0.0,10.0,0.0
034120,SBS,202407290900,20240730,16910,17010,0.31,59,1,127,68.0,15.0,5.0,25.0,0.0,14.0,0.0
093920,서원인텍,202601260900,20260127,5130,5160,0.3,194,1,122,40.0,25.0,25.0,25.0,0.0,7.0,0.0
048530,인트론바이오,202504030900,20250404,3480,3500,0.29,287,1,130,40.0,50.0,5.0,25.0,0.0,10.0,0.0
002600,조흥,202604150900,20260416,143700,144500,0.28,6,1,137,35.0,50.0,25.0,25.0,2.0,0.0,0.0
276040,스코넥,202406030900,20240604,4882,4909,0.27,204,1,118,53.0,25.0,5.0,25.0,0.0,10.0,0.0
035760,CJ ENM,202604150900,20260416,54300,54600,0.27,18,1,115,35.0,40.0,0.0,25.0,0.0,15.23,0.0
034120,SBS,202407250900,20240726,16660,16750,0.26,60,1,142,68.0,15.0,20.0,25.0,0.0,14.0,0.0
048530,인트론바이오,202503210900,20250324,3850,3870,0.24,259,3,131,68.0,15.0,13.0,25.0,0.0,10.0,0.0
065530,와이어블,202410040900,20241007,1373,1380,0.23,728,3,116,40.0,25.0,15.0,25.0,0.0,11.9,0.0
076080,웰크론한텍,202411280900,20241129,1171,1177,0.23,853,1,133,68.0,25.0,5.0,25.0,0.0,10.0,0.0
036120,서울평가정보,202602090900,20260210,1950,1960,0.23,512,1,149,50.0,60.0,10.0,25.0,2.0,2.0,0.0
021880,메이슨캐피탈,202604220900,20260423,196,197,0.23,5102,1,123,35.0,50.0,5.0,25.0,0.0,8.66,0.0
021880,메이슨캐피탈,202604240900,20260427,196,197,0.23,5102,3,121,25.0,50.0,13.0,25.0,0.0,8.66,0.0
131760,파인텍,202511260900,20251127,800,804,0.22,1250,1,115,40.0,50.0,13.0,0.0,4.0,8.99,0.0
047080,한빛소프트,202308180900,20230821,2055,2065,0.21,486,3,136,80.0,15.0,0.0,25.0,2.0,14.0,0.0
224060,더코디,202503200900,20250321,3080,3095,0.21,324,1,123,68.0,15.0,5.0,25.0,0.0,10.0,0.0
342870,오아,202511270900,20251128,8170,8210,0.21,122,1,133,68.0,33.0,5.0,25.0,2.0,0.0,0.0
080530,코디,202501030900,20250106,1058,1063,0.19,945,3,115,50.0,50.0,5.0,0.0,0.0,10.0,0.0
276040,스코넥,202508270900,20250828,1691,1699,0.19,591,1,118,55.0,25.0,5.0,25.0,0.0,8.72,0.0
469480,IBKS제24호스팩,202604200900,20260421,2160,2170,0.18,462,1,121,43.0,53.28,25.0,0.0,0.0,0.0,0.0
253840,수젠텍,202604030900,20260406,4520,4540,0.16,221,3,148,50.0,58.87,5.0,25.0,0.0,10.0,0.0
040420,정상제이엘에스,202402160900,20240219,6880,6910,0.15,145,3,132,63.0,25.0,5.0,25.0,4.0,10.0,0.0
038540,상상인,202408220900,20240823,2395,2405,0.14,417,1,127,80.0,0.0,8.0,25.0,0.0,14.0,0.0
462980,아이지넷,202509090900,20250910,2415,2425,0.13,414,1,134,65.0,25.0,5.0,25.0,4.0,10.0,0.0
419540,비스토스,202509170900,20250918,1235,1240,0.12,809,1,122,50.0,20.25,13.0,25.0,0.0,14.0,0.0
003060,에이프로젠바이오로직스,202604100900,20260413,250,251,0.12,4000,3,160,63.0,50.0,20.0,25.0,2.0,10.0,-10.0
034120,SBS,202604100900,20260413,15270,15330,0.11,65,3,122,63.0,50.0,5.0,0.0,0.0,4.23,0.0
192250,케이사인,202407250900,20240726,10480,10520,0.1,95,1,141,80.0,15.0,5.0,25.0,2.0,14.0,0.0
224060,더코디,202503270900,20250328,3035,3045,0.05,329,1,122,55.0,25.0,5.0,25.0,2.0,10.0,0.0
000040,KR모터스,202401230900,20240124,1001,1004,0.02,999,1,132,80.0,15.0,0.0,25.0,2.0,10.0,0.0
900270,헝셩그룹,202604130900,20260414,1039,1042,0.01,962,1,135,68.0,25.0,5.0,25.0,2.0,10.13,0.0
192250,케이사인,202407190900,20240722,10890,10920,-0.01,91,3,134,80.0,15.0,0.0,25.0,0.0,14.0,0.0
058110,멕아이씨에스,202303280900,20230329,3770,3780,-0.02,265,1,147,75.0,25.0,5.0,25.0,0.0,17.0,0.0
351870,차이커뮤니케이션,202604030900,20260406,3860,3870,-0.02,259,3,125,25.0,60.0,5.0,25.0,0.0,10.0,0.0
359090,씨엔알리서치,202604140900,20260415,768,770,-0.02,1302,1,127,30.0,50.0,13.0,25.0,0.0,9.59,0.0
0115H0,삼성스팩13호,202604060900,20260407,2020,2025,-0.03,495,1,138,48.0,60.0,5.0,25.0,0.0,0.0,0.0
034120,SBS,202407310900,20240801,16870,16910,-0.04,59,1,132,68.0,25.0,0.0,25.0,0.0,14.0,0.0
043100,알파AI,202509120900,20250915,1653,1657,-0.04,604,3,118,50.0,40.0,5.0,25.0,4.0,4.54,-10.0
205500,넥써쓰,202511140900,20251117,2290,2295,-0.06,436,3,135,80.0,15.0,5.0,25.0,0.0,10.0,0.0
038680,에스넷,202406280900,20240701,4672,4682,-0.07,214,3,124,53.0,25.0,5.0,25.0,2.0,14.43,0.0
060260,뉴보텍,202601260900,20260127,1073,1075,-0.09,931,1,139,68.0,35.0,20.0,0.0,2.0,14.0,0.0
040420,정상제이엘에스,202502180900,20250219,5710,5720,-0.11,175,1,130,68.0,25.0,0.0,25.0,2.0,10.0,0.0
007570,일양약품,202604290900,20260430,11400,11420,-0.11,87,1,156,80.0,40.0,5.0,25.0,0.0,6.33,0.0
224060,더코디,202503180900,20250319,3040,3045,-0.12,328,1,133,68.0,15.0,13.0,25.0,2.0,10.0,0.0
088290,이원컴포텍,202412030900,20241204,949,950,-0.17,1053,1,120,80.0,0.0,5.0,25.0,0.0,10.0,0.0
008870,금비,202603250900,20260326,45100,45150,-0.17,22,1,115,50.0,25.0,5.0,25.0,4.0,6.3,0.0
308100,형지글로벌,202603250900,20260326,957,958,-0.18,1044,1,120,40.0,25.0,20.0,25.0,0.0,10.0,0.0
357430,마스턴프리미어리츠,202604200900,20260421,1413,1414,-0.21,707,1,137,50.0,40.0,20.0,25.0,0.0,2.0,0.0
084180,수성웹툰,202603030900,20260304,1760,1761,-0.22,568,1,122,40.0,25.0,20.0,25.0,2.0,10.0,0.0
032800,판타지오,202303300900,20230331,1671,1671,-0.28,598,1,136,80.0,0.0,20.0,25.0,2.0,9.42,0.0
352700,씨앤투스,202402140900,20240215,2945,2945,-0.28,339,1,115,68.0,0.0,8.0,25.0,2.0,12.21,0.0
040420,정상제이엘에스,202502200900,20250221,5740,5740,-0.28,174,1,148,68.0,25.0,20.0,25.0,0.0,10.0,0.0
040420,정상제이엘에스,202502260900,20250227,5710,5710,-0.28,175,1,142,80.0,25.0,0.0,25.0,2.0,10.0,0.0
040420,정상제이엘에스,202502280900,20250304,5710,5710,-0.28,175,4,160,80.0,25.0,20.0,25.0,0.0,10.0,0.0
495900,에이엠시지,202503180900,20250331,11400,11400,-0.28,87,13,122,35.0,40.0,20.0,25.0,2.0,10.0,-10.0
114840,아이패밀리에스씨,202511120900,20251113,16630,16630,-0.28,60,1,115,50.0,15.0,5.0,25.0,0.0,20.0,0.0
052300,오션인더블유,202511210900,20251124,2190,2190,-0.28,456,3,142,63.0,25.0,5.0,25.0,4.0,20.0,0.0
007530,와이엠,202601270900,20260128,2385,2385,-0.28,419,1,149,80.0,40.0,0.0,25.0,0.0,4.64,0.0
037400,우리엔터프라이즈,202601280900,20260129,957,957,-0.28,1044,1,125,53.0,25.0,20.0,25.0,2.0,0.0,0.0
002600,조흥,202604100900,20260413,144000,144000,-0.28,6,3,115,35.0,40.0,15.0,25.0,0.0,0.0,0.0
489480,키움제11호스팩,202604200900,20260421,2040,2040,-0.28,490,1,120,53.0,40.0,0.0,25.0,2.0,0.0,0.0
065440,이루온,202407180900,20240719,1421,1420,-0.35,703,1,125,68.0,20.25,0.0,25.0,2.0,9.97,0.0
347770,핌스,202601140900,20260115,1066,1065,-0.37,938,1,142,65.0,42.33,0.0,25.0,0.0,10.0,0.0
399720,가온칩스,202408190900,20240820,48900,48850,-0.38,20,1,122,40.0,25.0,15.0,25.0,0.0,17.0,0.0
399720,가온칩스,202408130900,20240814,46950,46900,-0.39,21,1,117,40.0,35.0,0.0,25.0,0.0,17.0,0.0
086900,메디톡스,202404190900,20240422,131200,131000,-0.43,7,3,122,68.0,15.0,0.0,25.0,0.0,14.0,0.0
000040,KR모터스,202407020900,20240703,648,647,-0.43,1543,1,142,80.0,25.0,0.0,25.0,2.0,10.0,0.0
107590,미원홀딩스,202604210900,20260422,64400,64300,-0.43,15,1,115,65.0,25.0,0.0,25.0,0.0,0.0,0.0
224060,더코디,202503250900,20250326,3035,3030,-0.44,329,1,140,80.0,25.0,0.0,25.0,0.0,10.0,0.0
040420,정상제이엘에스,202502240900,20250225,5730,5720,-0.45,174,1,140,80.0,25.0,0.0,25.0,0.0,10.0,0.0
035080,그래디언트,202511250900,20251126,11800,11780,-0.45,84,1,147,80.0,25.0,0.0,25.0,0.0,17.0,0.0
320000,한울반도체,202308110900,20230814,2565,2560,-0.47,389,3,132,75.0,0.0,25.0,25.0,0.0,7.33,0.0
352820,하이브,202604280900,20260429,252000,251500,-0.48,3,1,138,63.0,40.0,0.0,25.0,0.0,10.0,0.0
099220,SDN,202308240900,20230825,1443,1440,-0.49,693,1,133,68.0,25.0,5.0,25.0,0.0,10.0,0.0
056730,CNT85,202603300900,20260331,457,456,-0.5,2188,1,155,80.0,40.0,0.0,25.0,0.0,10.0,0.0
462980,아이지넷,202510220900,20251023,2125,2120,-0.51,470,1,118,68.0,0.0,15.0,25.0,0.0,10.0,0.0
0115H0,삼성스팩13호,202603300900,20260331,2025,2020,-0.53,493,1,118,48.0,45.94,0.0,25.0,0.0,0.0,0.0
0115H0,삼성스팩13호,202604150900,20260416,2025,2020,-0.53,493,1,115,40.0,50.0,0.0,25.0,0.0,0.0,0.0
489480,키움제11호스팩,202604290900,20260430,2035,2030,-0.53,491,1,127,40.0,60.0,0.0,25.0,2.0,0.0,0.0
040420,정상제이엘에스,202401290900,20240130,6930,6910,-0.57,144,1,115,55.0,15.0,8.0,25.0,2.0,10.0,0.0
040420,정상제이엘에스,202402140900,20240215,6930,6910,-0.57,144,1,135,75.0,25.0,0.0,25.0,0.0,10.0,0.0
000040,KR모터스,202401170900,20240118,1007,1004,-0.58,993,1,130,80.0,15.0,0.0,25.0,0.0,10.0,0.0
040420,정상제이엘에스,202406170900,20240618,6650,6630,-0.58,150,1,121,63.0,15.0,8.0,25.0,0.0,10.0,0.0
014470,부방,202601270900,20260128,1322,1318,-0.58,756,1,121,63.0,25.0,8.0,25.0,0.0,0.0,0.0
043610,KT지니뮤직,202604080900,20260409,1670,1665,-0.58,598,1,140,55.0,60.0,0.0,25.0,0.0,0.0,0.0
056730,CNT85,202601230900,20260126,573,571,-0.63,1745,3,126,68.0,25.0,0.0,25.0,2.0,6.11,0.0
032800,판타지오,202501210900,20250122,536,534,-0.65,1865,1,115,75.0,15.0,15.0,0.0,0.0,10.0,0.0
192250,케이사인,202407310900,20240801,10390,10350,-0.66,96,1,149,80.0,25.0,5.0,25.0,0.0,14.0,0.0
263860,지니언스,202604030900,20260406,13000,12950,-0.66,76,3,165,75.0,50.0,5.0,25.0,0.0,10.0,0.0
032800,판타지오,202502100900,20250211,509,507,-0.67,1964,1,138,68.0,35.0,0.0,25.0,0.0,10.0,0.0
205470,휴마시스,202601190900,20260120,981,977,-0.69,1019,1,128,53.0,40.0,0.0,25.0,0.0,10.0,0.0
114840,아이패밀리에스씨,202512190900,20251222,13990,13930,-0.71,71,3,137,63.0,29.97,0.0,25.0,0.0,20.0,0.0
396690,미래에셋글로벌리츠,202604170900,20260420,2310,2300,-0.71,432,3,134,80.0,25.0,0.0,25.0,0.0,4.0,0.0
084650,랩지노믹스,202603300900,20260331,1311,1305,-0.74,762,1,115,35.0,40.0,5.0,25.0,0.0,10.0,0.0
107590,미원홀딩스,202604270900,20260428,64500,64200,-0.74,15,1,146,65.0,48.02,8.0,25.0,0.0,0.0,0.0
170790,파이오링크,202311300900,20231201,10400,10350,-0.76,96,1,116,63.0,0.0,8.0,25.0,0.0,20.0,0.0
189860,서전기전,202509220900,20250923,3115,3100,-0.76,321,1,119,40.0,40.0,0.0,25.0,0.0,14.0,0.0
276040,스코넥,202308210900,20230822,7333,7297,-0.77,136,1,147,80.0,25.0,5.0,25.0,2.0,10.0,0.0
277880,티에스아이,202412030900,20241204,5000,4975,-0.78,200,1,128,63.0,25.0,5.0,25.0,0.0,10.0,0.0
034120,SBS,202406140900,20240617,19000,18900,-0.8,52,3,124,55.0,25.0,5.0,25.0,0.0,14.0,0.0
043100,알파AI,202509180900,20250919,1679,1670,-0.81,595,1,121,35.0,50.0,15.0,25.0,2.0,4.43,-10.0
227610,아우딘퓨쳐스,202511030900,20251104,747,743,-0.81,1338,1,120,48.0,37.19,0.0,25.0,0.0,10.0,0.0
035760,CJ ENM,202604200900,20260421,56200,55900,-0.81,17,1,116,35.0,42.36,0.0,25.0,0.0,14.16,0.0
460870,에스엠씨지,202511250900,20251126,4050,4025,-0.9,246,1,159,80.0,44.46,0.0,25.0,0.0,10.0,0.0
032800,판타지오,202308230900,20230824,1246,1238,-0.92,802,1,130,80.0,15.0,0.0,25.0,0.0,10.0,0.0
043340,에쎈테크,202510270900,20251028,460,457,-0.93,2173,1,118,80.0,0.0,8.0,25.0,0.0,5.46,0.0
900310,컬러레이,202603240900,20260325,460,457,-0.93,2173,1,125,68.0,25.0,20.0,0.0,2.0,10.0,0.0
058110,멕아이씨에스,202304030900,20230404,3770,3745,-0.94,265,1,123,63.0,25.0,0.0,25.0,0.0,10.0,0.0
188260,세니젠,202406280900,20240701,3000,2980,-0.94,333,3,118,68.0,25.0,15.0,0.0,0.0,10.0,0.0
251970,펌텍코리아,202604170900,20260420,45150,44850,-0.94,22,3,116,43.0,40.0,0.0,25.0,0.0,8.33,0.0
033640,네패스,202408290900,20240830,10040,9970,-0.98,99,1,121,68.0,8.0,20.0,25.0,0.0,10.0,-10.0
363250,진시스템,202508060900,20250807,5560,5520,-1.0,179,1,115,55.0,25.0,0.0,25.0,0.0,10.0,0.0
058970,엠로,202604080900,20260409,26900,26700,-1.02,37,1,125,50.0,25.0,13.0,25.0,2.0,10.0,0.0
053280,예스24,202509290900,20250930,3825,3795,-1.06,261,1,123,63.0,29.83,0.0,25.0,2.0,3.61,0.0
032800,판타지오,202411290900,20241202,617,612,-1.09,1620,3,115,80.0,0.0,0.0,25.0,0.0,10.0,0.0
034120,SBS,202407230900,20240724,17040,16900,-1.1,58,1,123,68.0,8.0,8.0,25.0,0.0,14.0,0.0
033530,SJG세종,202604030900,20260406,7300,7240,-1.1,136,3,116,63.0,43.0,0.0,0.0,0.0,10.0,0.0
188260,세니젠,202407020900,20240703,3005,2980,-1.11,332,1,129,68.0,25.0,0.0,25.0,2.0,9.78,0.0
063170,서울옥션,202305310900,20230601,12910,12800,-1.13,77,1,117,63.0,15.0,0.0,25.0,0.0,14.0,0.0
411080,샌즈랩,202601190900,20260120,6720,6660,-1.17,148,1,117,40.0,40.0,0.0,25.0,2.0,10.0,0.0
052300,오션인더블유,202511170900,20251118,2210,2190,-1.18,452,1,120,50.0,25.0,0.0,25.0,0.0,20.0,0.0
000040,KR모터스,202401250900,20240126,987,978,-1.19,1013,1,140,80.0,25.0,0.0,25.0,0.0,10.0,0.0
384470,코어라인소프트,202604100900,20260413,3070,3040,-1.25,325,3,124,55.0,50.0,5.0,0.0,6.0,8.91,0.0
032800,판타지오,202502120900,20250213,507,502,-1.26,1972,1,115,40.0,25.0,15.0,25.0,0.0,10.0,0.0
462980,아이지넷,202508270900,20250828,2520,2495,-1.27,396,1,115,80.0,0.0,0.0,25.0,0.0,10.0,0.0
305090,마이크로디지탈,202604060900,20260407,5870,5810,-1.3,170,1,130,35.0,60.0,0.0,25.0,0.0,10.0,0.0
058110,멕아이씨에스,202303300900,20230331,3835,3795,-1.32,260,1,130,63.0,25.0,0.0,25.0,0.0,17.0,0.0
088290,이원컴포텍,202401300900,20240131,1517,1501,-1.33,659,1,120,68.0,15.0,5.0,25.0,0.0,7.7,0.0
065440,이루온,202407220900,20240723,1425,1410,-1.33,701,1,118,68.0,15.0,0.0,25.0,0.0,10.33,0.0
227610,아우딘퓨쳐스,202511070900,20251110,755,747,-1.34,1324,3,147,55.0,47.95,10.0,25.0,0.0,10.0,0.0
419540,비스토스,202604100900,20260413,824,815,-1.37,1213,3,125,55.0,60.0,8.0,0.0,0.0,10.0,-8.0
276040,스코넥,202308230900,20230824,7430,7341,-1.47,134,1,140,80.0,25.0,0.0,25.0,0.0,10.0,0.0
045510,정원엔시스,202512290900,20251230,908,897,-1.49,1101,1,129,35.0,50.0,8.0,25.0,0.0,11.52,0.0
419540,비스토스,202601060900,20260107,1075,1062,-1.49,930,1,119,40.0,40.0,0.0,25.0,0.0,14.0,0.0
078160,메디포스트,202309050900,20230906,7859,7762,-1.51,127,1,129,75.0,25.0,0.0,25.0,0.0,14.0,-10.0
227610,아우딘퓨쳐스,202510280900,20251029,774,764,-1.57,1291,1,123,48.0,40.0,0.0,25.0,0.0,10.0,0.0
086900,메디톡스,202402220900,20240223,187700,185200,-1.61,5,1,120,63.0,15.0,0.0,25.0,0.0,17.0,0.0
072470,우리산업홀딩스,202310230900,20231024,3340,3295,-1.62,299,1,130,63.0,25.0,5.0,25.0,0.0,12.0,0.0
227610,아우딘퓨쳐스,202504090900,20250410,817,806,-1.62,1223,1,120,25.0,60.0,0.0,25.0,0.0,10.0,0.0
203650,드림시큐리티,202509020900,20250903,1632,1610,-1.62,612,1,123,25.0,60.0,8.0,25.0,0.0,5.77,0.0
460870,에스엠씨지,202511270900,20251128,4100,4045,-1.62,243,1,140,80.0,25.0,0.0,25.0,0.0,10.0,0.0
170790,파이오링크,202407050900,20240708,9230,9100,-1.68,108,3,122,35.0,50.0,20.0,0.0,0.0,17.0,0.0
381970,케이카,202604210900,20260422,10660,10510,-1.68,93,1,138,68.0,25.0,10.0,25.0,0.0,10.0,0.0
086900,메디톡스,202509090900,20251001,121200,119400,-1.76,8,22,132,50.0,40.0,5.0,25.0,0.0,12.89,0.0
276040,스코넥,202308170900,20230818,7527,7412,-1.8,132,1,142,80.0,25.0,0.0,25.0,2.0,10.0,0.0
419540,비스토스,202512300900,20260102,1086,1069,-1.84,920,3,119,40.0,40.0,0.0,25.0,0.0,14.0,0.0
006370,대구백화점,202601260900,20260127,5140,5050,-2.03,194,1,140,50.0,25.0,30.0,25.0,0.0,10.0,0.0
037400,우리엔터프라이즈,202501020900,20250103,1042,1023,-2.1,959,1,120,40.0,25.0,20.0,25.0,0.0,10.0,0.0
406820,뷰티스킨,202603260900,20260327,1907,1872,-2.11,524,1,118,43.0,50.0,0.0,25.0,0.0,0.0,0.0
038540,상상인,202401040900,20240105,3775,3705,-2.13,264,1,124,75.0,15.0,0.0,25.0,0.0,9.7,0.0
000040,KR모터스,202401290900,20240130,973,955,-2.13,1027,1,125,75.0,15.0,0.0,25.0,0.0,10.0,0.0
179530,애드바이오텍,202601150900,20260116,1908,1872,-2.16,524,1,115,55.0,25.0,0.0,25.0,0.0,10.0,0.0
065060,지엔코,202602030900,20260204,750,735,-2.27,1333,1,118,23.0,60.0,0.0,25.0,2.0,8.29,0.0
460870,에스엠씨지,202511190900,20251120,4150,4065,-2.32,240,1,115,55.0,25.0,0.0,25.0,0.0,10.0,0.0
276040,스코넥,202407240900,20240725,3299,3228,-2.43,303,1,120,68.0,25.0,0.0,25.0,2.0,0.96,0.0
089980,상아프론테크,202310270900,20231030,18360,17950,-2.51,54,3,142,80.0,15.0,8.0,25.0,0.0,14.0,0.0
462980,아이지넷,202511110900,20251112,1943,1899,-2.54,514,1,127,68.0,24.56,0.0,25.0,0.0,10.0,0.0
041190,우리기술투자,202601190900,20260120,7370,7200,-2.58,135,1,118,23.0,50.0,0.0,25.0,0.0,20.0,0.0
462980,아이지넷,202508200900,20250821,2585,2525,-2.59,386,1,115,80.0,0.0,0.0,25.0,0.0,10.0,0.0
342870,오아,202604150900,20260416,6490,6340,-2.59,154,1,115,30.0,50.0,0.0,25.0,0.0,10.0,0.0
276040,스코넥,202509090900,20250910,1673,1634,-2.6,597,1,169,80.0,48.78,8.0,25.0,0.0,7.41,0.0
026910,광진실업,202603300900,20260331,1709,1668,-2.67,585,1,128,40.0,35.0,5.0,25.0,6.0,17.0,0.0
276040,스코넥,202509010900,20250902,1700,1659,-2.69,588,1,122,55.0,34.78,0.0,25.0,0.0,7.92,0.0
432320,KB스타리츠,202604290900,20260430,2200,2145,-2.77,454,1,123,55.0,25.0,8.0,25.0,0.0,10.0,0.0
086900,메디톡스,202412090900,20241210,122900,119800,-2.8,8,1,125,63.0,15.0,8.0,25.0,0.0,14.0,0.0
342870,오아,202511250900,20251126,8320,8110,-2.8,120,1,118,68.0,25.0,0.0,25.0,0.0,0.0,0.0
356890,싸이버원,202603230900,20260324,3165,3085,-2.8,315,1,134,80.0,25.0,15.0,0.0,0.0,14.0,0.0
403850,더핑크퐁컴퍼니,202603230900,20260324,17550,17100,-2.84,56,1,134,63.0,25.0,15.0,25.0,0.0,6.46,0.0
443250,레뷰코퍼레이션,202604220900,20260423,8790,8560,-2.89,113,1,129,50.0,40.0,8.0,25.0,0.0,6.59,0.0
086900,메디톡스,202404040900,20240405,144200,140100,-3.12,6,1,119,55.0,25.0,0.0,25.0,0.0,14.0,0.0
227610,아우딘퓨쳐스,202511050900,20251106,770,748,-3.13,1298,1,134,55.0,44.36,0.0,25.0,0.0,10.0,0.0
227610,아우딘퓨쳐스,202510300900,20251031,766,744,-3.14,1305,1,122,40.0,27.19,20.0,25.0,0.0,10.0,0.0
052300,오션인더블유,202511190900,20251120,2255,2190,-3.15,443,1,133,63.0,25.0,0.0,25.0,0.0,20.0,0.0
052710,아모텍,202407250900,20240726,5800,5630,-3.2,172,1,130,80.0,15.0,0.0,25.0,0.0,10.0,0.0
205500,넥써쓰,202511240900,20251125,2200,2135,-3.23,454,1,169,68.0,58.43,8.0,25.0,0.0,10.0,0.0
363250,진시스템,202508130900,20250814,5330,5170,-3.27,187,1,115,63.0,15.0,0.0,25.0,2.0,10.0,0.0
253840,수젠텍,202604010900,20260402,4650,4510,-3.28,215,1,133,43.0,50.0,5.0,25.0,0.0,10.0,0.0
109740,디에스케이,202604200900,20260421,4990,4840,-3.28,200,1,115,40.0,40.0,0.0,25.0,0.0,10.0,0.0
048530,인트론바이오,202503270900,20250328,3640,3530,-3.29,274,1,127,55.0,30.29,5.0,25.0,2.0,10.0,0.0
462980,아이지넷,202511170900,20251118,1857,1801,-3.29,538,1,126,68.0,8.0,15.0,25.0,0.0,10.0,0.0
443250,레뷰코퍼레이션,202604270900,20260428,8530,8270,-3.32,117,1,132,43.0,37.33,20.0,25.0,0.0,7.62,0.0
038540,상상인,202410040900,20241007,1801,1746,-3.33,555,3,126,68.0,19.23,0.0,25.0,0.0,14.0,0.0
065530,와이어블,202409050900,20240906,1473,1427,-3.39,678,1,137,65.0,25.0,8.0,25.0,0.0,14.0,0.0
011000,진원생명과학,202603310900,20260401,946,916,-3.44,1057,1,135,40.0,60.0,0.0,25.0,0.0,10.0,0.0
086900,메디톡스,202404080900,20240409,141000,136500,-3.46,7,1,159,80.0,25.0,15.0,25.0,0.0,14.0,0.0
205500,넥써쓰,202407030900,20240704,1529,1480,-3.48,654,1,124,75.0,15.0,0.0,25.0,0.0,9.0,0.0
088390,이녹스,202409040900,20240905,12300,11900,-3.52,81,1,126,68.0,15.0,8.0,25.0,0.0,10.0,0.0
335810,프리시젼바이오,202603250900,20260326,2220,2145,-3.65,450,1,128,68.0,25.0,0.0,25.0,0.0,10.0,0.0
011000,진원생명과학,202603260900,20260327,1005,971,-3.65,995,1,125,40.0,50.0,0.0,25.0,0.0,10.0,0.0
088290,이원컴포텍,202401220900,20240123,1740,1681,-3.66,574,1,115,80.0,0.0,0.0,25.0,0.0,10.0,0.0
034120,SBS,202407020900,20240703,17960,17350,-3.67,55,1,119,40.0,25.0,15.0,25.0,0.0,14.0,0.0
301300,바이브컴퍼니,202407190900,20240722,5030,4855,-3.75,198,3,118,53.0,15.0,5.0,25.0,0.0,20.0,0.0
276040,스코넥,202407220900,20240723,3450,3330,-3.75,289,1,131,80.0,25.0,0.0,25.0,0.0,1.66,0.0
156100,엘앤케이바이오,202604210900,20260422,7850,7570,-3.84,127,1,125,40.0,50.0,0.0,25.0,0.0,10.0,0.0
088390,이녹스,202409100900,20240911,12040,11600,-3.92,83,1,125,65.0,25.0,0.0,25.0,0.0,10.0,0.0
011330,유니켐,202604280900,20260429,655,631,-3.93,1526,1,135,35.0,50.0,15.0,25.0,0.0,10.0,0.0
088290,이원컴포텍,202412050900,20241206,950,915,-3.95,1052,1,117,80.0,0.0,0.0,25.0,2.0,10.0,0.0
073570,리튬포어스,202601210900,20260122,858,826,-4.0,1165,1,116,63.0,43.0,0.0,0.0,0.0,10.0,0.0
462980,아이지넷,202511130900,20251114,1926,1854,-4.01,519,1,123,80.0,8.0,0.0,25.0,0.0,10.0,0.0
352700,씨앤투스,202402260900,20240227,2930,2820,-4.02,341,1,149,80.0,25.0,8.0,25.0,0.0,11.6,0.0
032800,판타지오,202412030900,20241204,609,586,-4.05,1642,1,154,80.0,15.0,20.0,25.0,4.0,10.0,0.0
363250,진시스템,202508110900,20250812,5540,5330,-4.06,180,1,126,68.0,15.0,8.0,25.0,0.0,10.0,0.0
032800,판타지오,202412050900,20241206,605,582,-4.07,1652,1,138,80.0,15.0,8.0,25.0,0.0,10.0,0.0
072470,우리산업홀딩스,202310250900,20231026,3390,3260,-4.1,294,1,135,63.0,35.0,0.0,25.0,0.0,12.0,0.0
086900,메디톡스,202404170900,20240418,132000,126900,-4.13,7,1,122,68.0,15.0,0.0,25.0,0.0,14.0,0.0
080530,코디,202412090900,20241210,1147,1102,-4.19,871,1,146,68.0,35.88,8.0,25.0,0.0,10.0,0.0
038540,상상인,202410080900,20241010,1728,1660,-4.2,578,2,157,68.0,50.0,0.0,25.0,0.0,14.0,0.0
227610,아우딘퓨쳐스,202503310900,20250401,861,827,-4.22,1161,1,125,68.0,22.66,0.0,25.0,0.0,10.0,0.0
080530,코디,202412050900,20241206,1182,1135,-4.25,846,1,145,80.0,15.0,15.0,25.0,0.0,10.0,0.0
253840,수젠텍,202603260900,20260327,4870,4675,-4.27,205,1,138,63.0,40.0,0.0,25.0,0.0,10.0,0.0
011000,진원생명과학,202604060900,20260407,850,816,-4.27,1176,1,134,68.0,25.0,20.0,25.0,0.0,6.29,-10.0
156100,엘앤케이바이오,202603270900,20260330,8650,8300,-4.32,115,3,130,43.0,40.0,5.0,25.0,0.0,17.0,0.0
092040,아미코젠,202511180900,20251119,3070,2945,-4.34,325,1,123,63.0,15.0,20.0,25.0,0.0,10.0,-10.0
000040,KR모터스,202401310900,20240201,955,915,-4.46,1047,1,122,65.0,15.0,8.0,25.0,0.0,9.72,0.0
036030,케이티알파,202602020900,20260203,4755,4555,-4.47,210,1,119,50.0,30.08,8.0,25.0,0.0,6.46,0.0
058970,엠로,202604100900,20260413,26600,25450,-4.59,37,3,118,35.0,40.0,8.0,25.0,0.0,10.0,0.0
076080,웰크론한텍,202511200900,20251121,1150,1100,-4.62,869,1,115,63.0,25.0,13.0,0.0,4.0,10.0,0.0
188260,세니젠,202406210900,20240624,3085,2950,-4.64,324,3,136,80.0,15.0,8.0,25.0,0.0,8.84,0.0
462980,아이지넷,202509010900,20250902,2495,2385,-4.68,400,1,150,80.0,15.0,20.0,25.0,0.0,10.0,0.0
363250,진시스템,202311270900,20231128,11010,10490,-4.99,90,1,140,63.0,25.0,20.0,25.0,0.0,7.5,0.0
352700,씨앤투스,202406170900,20240618,3150,3000,-5.03,317,1,127,80.0,0.0,20.0,25.0,0.0,2.0,0.0
460870,에스엠씨지,202511210900,20251124,4235,4030,-5.11,236,3,149,80.0,34.04,0.0,25.0,0.0,10.0,0.0
263860,지니언스,202604010900,20260402,13470,12800,-5.24,74,1,143,63.0,40.0,5.0,25.0,0.0,10.0,0.0
136410,아셈스,202604010900,20260402,7330,6960,-5.31,136,1,128,63.0,50.0,5.0,0.0,0.0,10.0,0.0
363250,진시스템,202311300900,20231201,10250,9730,-5.34,97,1,115,63.0,15.0,5.0,25.0,0.0,7.34,0.0
065440,이루온,202407300900,20240731,1481,1405,-5.4,675,1,161,48.0,60.0,20.0,25.0,0.0,8.93,0.0
015760,한국전력,202604010900,20260402,43500,41250,-5.44,22,1,115,50.0,50.0,5.0,0.0,0.0,10.0,0.0
048530,인트론바이오,202503250900,20250326,3840,3640,-5.47,260,1,120,55.0,15.0,15.0,25.0,0.0,10.0,0.0
330860,네패스아크,202409040900,20240905,14160,13410,-5.56,70,1,129,53.0,25.0,20.0,25.0,0.0,6.99,0.0
900300,오가닉티코스메틱,202602200900,20260223,112,106,-5.62,8928,3,159,68.0,54.94,20.0,25.0,2.0,0.0,-10.0
088390,이녹스,202412040900,20241205,8330,7880,-5.67,120,1,127,68.0,8.0,20.0,25.0,0.0,6.82,0.0
254490,미래반도체,202407170900,20240718,14810,14000,-5.73,67,1,135,63.0,25.0,8.0,25.0,0.0,14.0,0.0
009620,삼보산업,202411120900,20241113,1463,1381,-5.87,683,1,145,80.0,15.0,15.0,25.0,0.0,10.0,0.0
011090,에넥스,202603250900,20260326,449,423,-6.06,2227,1,122,55.0,25.0,0.0,25.0,0.0,17.0,0.0
038540,상상인,202409190900,20240920,1821,1713,-6.2,549,1,119,80.0,0.0,0.0,25.0,0.0,14.0,0.0
205500,넥써쓰,202511180900,20251119,2260,2125,-6.24,442,1,145,80.0,25.0,5.0,25.0,0.0,10.0,0.0
123840,뉴온,202603300900,20260331,534,502,-6.26,1872,1,125,48.0,43.0,5.0,25.0,4.0,10.0,-10.0
234100,폴라리스세원,202409060900,20240909,1325,1244,-6.38,754,3,117,65.0,25.0,15.0,0.0,0.0,12.0,0.0
088390,이녹스,202409060900,20240909,12290,11500,-6.69,81,3,128,68.0,25.0,0.0,25.0,0.0,10.0,0.0
088290,이원컴포텍,202401240900,20240125,1754,1639,-6.82,570,1,130,80.0,15.0,0.0,25.0,0.0,10.0,0.0
123840,뉴온,202603250900,20260326,590,551,-6.87,1694,1,132,80.0,25.0,0.0,25.0,2.0,10.0,-10.0
118000,메타케어,202604220900,20260423,223,208,-6.99,4484,1,128,53.0,40.0,0.0,25.0,0.0,10.0,0.0
276040,스코넥,202507180900,20250721,2490,2320,-7.09,401,3,115,80.0,25.0,0.0,0.0,0.0,10.0,0.0
450140,코오롱모빌리티그룹,202412060900,20241209,1943,1807,-7.26,514,3,128,63.0,15.0,25.0,25.0,0.0,10.0,-10.0
348210,넥스틴,202409030900,20240904,46950,43600,-7.4,21,1,115,35.0,25.0,10.0,25.0,0.0,20.0,0.0
034120,SBS,202408020900,20240805,16740,15490,-7.73,59,3,147,68.0,25.0,15.0,25.0,0.0,14.0,0.0
092040,아미코젠,202310180900,20231019,6165,5696,-7.87,162,1,123,80.0,0.0,8.0,25.0,0.0,10.0,0.0
038540,상상인,202408260900,20240827,2380,2175,-8.87,420,1,127,80.0,0.0,8.0,25.0,0.0,14.0,0.0
363250,진시스템,202507310900,20250801,5980,5460,-8.95,167,1,118,68.0,15.0,0.0,25.0,0.0,10.0,0.0
425420,티에프이,202409030900,20240904,18870,16590,-12.33,52,1,118,68.0,25.0,15.0,0.0,0.0,20.0,-10.0
088390,이녹스,202412060900,20241209,7520,6600,-12.48,132,3,120,55.0,15.0,20.0,25.0,0.0,5.16,0.0
488280,에스투더블유,202603120900,20260313,19450,17040,-12.64,51,1,125,35.0,35.0,20.0,25.0,0.0,10.0,0.0
432430,와이랩,202408020900,20240805,7210,5700,-21.17,138,3,128,68.0,25.0,0.0,25.0,0.0,10.0,0.0
044180,KD,202603200900,20260323,263,205,-22.27,3802,3,115,25.0,50.06,0.0,25.0,2.0,13.19,0.0
